	k	similarity_measure	top10_presence	mean_rank	median_rank
0	100	cosine	0.38960899839314406	40.350696304231384	16.0
1	100	asymmetric_cosine	0.3989287627209427	40.30021424745581	15.0
2	100	jaccard	0.392019282271023	40.60677557579004	16.0
3	100	pmi	0.40184788430637386	40.58564542046063	15.0
